INSERT INTO team 
  (team_id, team_uuid, team_name)
VALUES
  (1, '000001', 'Street Legal'),
  (2, '000002', 'Auto Pilot'),
  (3, '000003', 'F5')
  
 INSERT INTO survey
  (survey_id, survey_uuid, survey_name, team_id)
 VALUES
  (1, '000001', 'Testing Survey 1', 1),
  (2, '000002', 'Testing Survey 2', 2),
  (3, '000003', 'Testing Survey 3', 3),
  (4, '000004', 'Testing Survey 4', 1)
  

INSERT INTO answer
  (answer_uuid, question_id, survey_id, answer_result)
VALUES
  ('000001', 1, 1, 4),
  ('000002', 2, 1, 3),
  ('000003', 3, 1, 5),
  ('000004', 4, 1, 1),
  ('000005', 5, 1, 4),
  ('000006', 6, 1, 2),
  ('000007', 7, 1, 2),
  ('000008', 8, 1, 3),
  ('000009', 9, 1, 1),
  ('000010', 10, 1, 5),

  ('000011', 1, 2, 3),
  ('000012', 2, 2, 3),
  ('000013', 3, 2, 5),
  ('000014', 4, 2, 1),
  ('000015', 5, 2, 1),
  ('000016', 6, 2, 2),
  ('000017', 7, 2, 1),
  ('000018', 8, 2, 3),
  ('000019', 9, 2, 1),
  ('000020', 10, 2, 4),

  ('000021', 1, 3, 4),
  ('000022', 2, 3, 4),
  ('000023', 3, 3, 5),
  ('000024', 4, 3, 1),
  ('000025', 5, 3, 2),
  ('000026', 6, 3, 3),
  ('000027', 7, 3, 1),
  ('000028', 8, 3, 4),
  ('000029', 9, 3, 1),
  ('000030', 10, 3, 4),

  ('000031', 1, 4, 5),
  ('000032', 2, 4, 4),
  ('000033', 3, 4, 5),
  ('000034', 4, 4, 1),
  ('000035', 5, 4, 3),
  ('000036', 6, 4, 3),
  ('000037', 7, 4, 1),
  ('000038', 8, 4, 5),
  ('000039', 9, 4, 1),
  ('000040', 10, 4, 4)

  ('000041', 1, 4, 3),
  ('000042', 2, 4, 4),
  ('000043', 3, 4, 5),
  ('000044', 4, 4, 2),
  ('000045', 5, 4, 3),
  ('000046', 6, 4, 3),
  ('000047', 7, 4, 4),
  ('000048', 8, 4, 5),
  ('000049', 9, 4, 5),
  ('000050', 10, 4, 4)
  
  ('000051', 1, 4, 5),
  ('000052', 2, 4, 5),
  ('000053', 3, 4, 5),
  ('000054', 4, 4, 2),
  ('000055', 5, 4, 1),
  ('000056', 6, 4, 3),
  ('000057', 7, 4, 3),
  ('000058', 8, 4, 5),
  ('000059', 9, 4, 4),
  ('000060', 10, 4, 4)